ID,Plane Type,Souls Onboard,Killed,Permanent Injury,Less Severe Injury,Date - Time,Location,Weather Conditions,Cause
PC-3000000,777-300ER,459,9,0,12,"Feb. 25, 1987 - 00:15:38","29.467042, 77.345493",foggy,Unforeseeable accident
PC-3000001,MD-11,270,87,59,80,"Oct. 2, 1998 - 02:52:14","-9.025896, 27.18326",stormy,Humnan negligence
PC-3000002,a340-600,351,10,0,7,"Apr. 29, 1978 - 20:36:45","-13.813582, -63.995799",clear,Mechanical failure
PC-3000003,747-400,426,63,51,84,"May 15, 2015 - 14:24:43","-0.017091, -50.544986",cloudy,Unforeseeable accident
PC-3000004,777-200,380,141,95,134,"Jan. 24, 1972 - 03:05:09","76.942886, 119.092754",foggy,Mechanical failure
PC-3000005,a340-300,402,8,0,9,"Mar. 17, 1980 - 02:24:18","31.778302, 0.63993",foggy,Unforeseeable accident
PC-3000006,757-200,125,95,24,6,"Sep. 19, 2016 - 05:49:19","27.82729, 94.888817",foggy,Mechanical failure
PC-3000007,747-8i,598,50,15,58,"Jul. 30, 1982 - 03:43:40","23.205509, 41.373119",cloudy,Unforeseeable accident
PC-3000008,737-700,100,10,1,11,"Aug. 19, 1963 - 18:06:35","-2.86265, 15.962538",clear,Mechanical failure
PC-3000009,a340-300,431,423,7,1,"Jan. 26, 1989 - 01:46:59","-40.235814, -68.785728",cloudy,Unforeseeable accident
PC-3000010,757-200,121,19,17,27,"Feb. 5, 2012 - 09:37:22","4.330081, 25.930581",cloudy,Unforeseeable accident
PC-3000011,a340-300,435,250,83,77,"Feb. 9, 1957 - 23:45:34","-0.984716, -68.991705",cloudy,Mechanical failure
PC-3000012,757-200,109,18,13,24,"Dec. 20, 1976 - 10:30:21","-40.746264, -55.775708",stormy,Humnan negligence
PC-3000013,757-200,196,41,22,44,"Sep. 18, 1958 - 05:49:41","51.194101, 51.375163",clear,Mechanical failure
PC-3000014,a340-300,368,38,9,42,"Apr. 29, 1962 - 01:28:56","-31.037088, -69.598525",clear,Mechanical failure
PC-3000015,777-200,359,122,75,118,"Jul. 29, 2012 - 18:24:26","-35.261214, -66.399493",cloudy,Humnan negligence
PC-3000016,777-200,350,320,26,4,"Sep. 17, 1999 - 22:19:25","-25.57512, 137.926975",rainy,Mechanical failure
PC-3000017,747-8i,590,47,15,49,"Oct. 22, 1967 - 02:50:25","29.752504, -6.961111",foggy,Mechanical failure
PC-3000018,757-200,116,18,15,33,"Jul. 14, 1978 - 19:52:21","73.191612, 151.825412",stormy,Unforeseeable accident
PC-3000019,747-400,459,80,42,91,"Dec. 16, 2019 - 20:42:17","41.563726, 73.454188",clear,Unforeseeable accident
PC-3000020,a380-800,739,138,82,154,"Feb. 27, 1951 - 14:53:14","59.038552, 133.027902",foggy,Mechanical failure
PC-3000021,757-200,200,195,5,0,"Aug. 28, 1952 - 04:43:50","-30.037016, 119.095781",foggy,Mechanical failure
PC-3000022,767-300,196,42,15,34,"Feb. 3, 1966 - 14:13:08","39.753665, -80.112828",rainy,Mechanical failure
PC-3000023,747-8i,601,587,14,0,"Aug. 9, 1966 - 14:09:03","1.361626, 18.637598",stormy,Mechanical failure
PC-3000024,737-700,109,94,12,3,"Sep. 26, 2014 - 04:28:53","-9.455833, -60.052766",rainy,Mechanical failure
PC-3000025,757-200,193,65,47,65,"Jun. 19, 1992 - 03:17:58","37.116879, -97.770148",stormy,Humnan negligence
PC-3000026,777-300ER,487,44,12,38,"Oct. 4, 2012 - 02:37:52","26.6441, 120.152603",foggy,Humnan negligence
PC-3000027,777-300ER,482,14,0,11,"Aug. 31, 1975 - 06:11:29","25.366284, 4.148242",stormy,Unforeseeable accident
PC-3000028,a319,66,52,11,3,"Jun. 27, 1951 - 06:47:47","-25.934201, 134.867037",cloudy,Humnan negligence
PC-3000029,737-700,87,47,17,23,"Dec. 21, 2015 - 23:08:02","3.536976, 131.754758",rainy,Unforeseeable accident
PC-3000030,767-300,262,55,28,64,"Jun. 7, 1985 - 10:04:14","31.042985, 51.833045",rainy,Humnan negligence
PC-3000031,747-8i,524,507,15,2,"Sep. 26, 2002 - 20:42:29","-6.582377, 13.681433",stormy,Mechanical failure
PC-3000032,a380-800,836,519,159,154,"Mar. 29, 2015 - 12:26:11","-1.624489, 20.839651",stormy,Mechanical failure
PC-3000033,767-300,162,3,0,4,"Mar. 31, 1977 - 23:49:32","1.466096, 18.091455",rainy,Unforeseeable accident
PC-3000034,MD-11,255,131,62,50,"Feb. 15, 1983 - 02:28:13","65.634647, -30.214624",clear,Unforeseeable accident
PC-3000035,a319,122,9,2,10,"Feb. 13, 2002 - 18:48:47","69.983557, -48.03109",rainy,Mechanical failure
PC-3000036,a319,83,2,0,1,"Feb. 26, 1965 - 07:12:42","31.916816, 100.068463",foggy,Mechanical failure
PC-3000037,777-200,409,61,45,114,"Jan. 18, 1990 - 10:09:50","-2.52077, 17.721344",stormy,Mechanical failure
PC-3000038,757-200,174,68,39,43,"Sep. 1, 2017 - 22:41:54","32.203689, 110.290578",cloudy,Unforeseeable accident
PC-3000039,MD-11,323,28,8,35,"Mar. 4, 1988 - 17:56:07","-26.290518, 140.04667",rainy,Mechanical failure
PC-3000040,767-300,170,151,15,4,"Dec. 24, 1964 - 02:37:42","-37.231318, 115.894311",foggy,Humnan negligence
PC-3000041,a340-600,328,279,49,0,"Jan. 2, 1969 - 15:50:18","23.738242, 79.349105",stormy,Unforeseeable accident
PC-3000042,737-700,119,12,2,8,"Aug. 4, 1978 - 07:23:58","-35.513793, -59.962308",rainy,Unforeseeable accident
PC-3000043,a319,117,92,22,3,"Oct. 3, 2015 - 16:08:03","24.960259, 4.078644",foggy,Unforeseeable accident
PC-3000044,a340-300,361,273,83,5,"Mar. 12, 1976 - 09:25:11","26.194047, 107.674539",rainy,Mechanical failure
PC-3000045,737-700,74,2,0,1,"Jun. 18, 1964 - 08:04:36","3.067054, -54.181017",stormy,Humnan negligence
PC-3000046,757-200,173,30,15,32,"May 1, 2014 - 16:23:16","72.392403, 95.445064",stormy,Humnan negligence
PC-3000047,777-200,337,102,76,135,"Sep. 14, 1978 - 17:10:55","-29.222598, 143.649491",cloudy,Unforeseeable accident
PC-3000048,747-400,424,164,101,105,"Dec. 18, 2019 - 03:42:59","43.770567, -76.09644",stormy,Mechanical failure
PC-3000049,a340-600,338,111,72,129,"Feb. 28, 1962 - 18:54:29","67.827282, -109.574127",clear,Mechanical failure
PC-3000050,a340-600,358,325,25,8,"Jan. 2, 1964 - 14:18:06","-4.773744, 14.602775",clear,Humnan negligence
PC-3000051,a380-800,735,232,175,221,"May 20, 1950 - 12:56:07","25.077842, 50.662377",clear,Unforeseeable accident
PC-3000052,747-8i,506,191,121,187,"Feb. 10, 1971 - 13:50:20","79.362944, -36.561651",cloudy,Humnan negligence
PC-3000053,747-400,425,45,7,35,"Dec. 19, 1980 - 07:25:02","20.459946, -94.473513",clear,Mechanical failure
PC-3000054,MD-11,283,7,0,7,"Jun. 17, 2000 - 00:32:30","54.906679, 64.019355",foggy,Mechanical failure
PC-3000055,a380-800,784,275,164,247,"Apr. 25, 2011 - 13:45:30","67.861497, -117.969046",clear,Unforeseeable accident
PC-3000056,737-700,91,29,24,37,"May 4, 1974 - 17:18:23","69.829788, -136.489313",rainy,Humnan negligence
PC-3000057,767-300,267,159,52,49,"Oct. 27, 1979 - 23:01:41","48.486845, 81.654229",rainy,Humnan negligence
PC-3000058,777-200,352,115,81,130,"Dec. 10, 1958 - 04:33:05","4.954091, 118.720454",stormy,Humnan negligence
PC-3000059,a319,117,10,2,9,"Jan. 20, 1987 - 04:33:48","69.915077, -29.531334",foggy,Unforeseeable accident
PC-3000060,MD-11,290,111,61,85,"Apr. 12, 2017 - 05:12:42","4.677924, 125.061166",stormy,Mechanical failure
PC-3000061,777-300ER,513,12,0,14,"Jan. 4, 2004 - 05:57:41","-27.087539, -61.009147",clear,Mechanical failure
PC-3000062,747-400,469,10,0,12,"Jan. 23, 1968 - 05:53:33","-40.916806, -66.646507",foggy,Humnan negligence
PC-3000063,737-700,89,29,19,27,"Jun. 27, 1977 - 02:50:11","21.115756, 48.02847",clear,Mechanical failure
PC-3000064,a340-600,317,117,71,117,"Dec. 21, 1973 - 02:41:46","-8.528757, 97.035305",cloudy,Humnan negligence
PC-3000065,MD-11,295,95,73,93,"Mar. 30, 1985 - 06:32:11","82.982379, -38.785499",stormy,Humnan negligence
PC-3000066,747-400,428,398,30,0,"Oct. 6, 1997 - 03:35:05","27.28964, 96.917988",clear,Mechanical failure
PC-3000067,747-400,495,121,31,83,"Sep. 26, 2003 - 17:10:57","49.394914, -101.569336",rainy,Mechanical failure
PC-3000068,767-300,225,33,27,61,"Apr. 13, 2003 - 19:17:02","60.482876, -43.967744",rainy,Humnan negligence
PC-3000069,757-200,188,41,21,29,"May 15, 1977 - 10:24:30","62.281762, -55.403668",rainy,Humnan negligence
PC-3000070,a319,144,11,3,14,"Dec. 20, 1988 - 01:09:31","48.370376, -76.012443",rainy,Mechanical failure
PC-3000071,777-200,336,330,6,0,"May 26, 2008 - 22:06:07","-36.152215, 134.077943",stormy,Humnan negligence
PC-3000072,747-8i,575,14,0,12,"Jan. 5, 1953 - 00:08:41","-4.16721, 102.164647",cloudy,Unforeseeable accident
PC-3000073,747-400,503,13,0,9,"Oct. 28, 1979 - 23:10:59","50.307332, -132.258294",clear,Humnan negligence
PC-3000074,767-300,228,181,47,0,"Jul. 24, 1956 - 01:14:23","25.016699, -104.977796",rainy,Mechanical failure
PC-3000075,MD-11,273,8,0,7,"Nov. 6, 2006 - 22:12:37","30.207304, 6.765151",cloudy,Humnan negligence
PC-3000076,777-300ER,484,10,0,9,"Oct. 18, 1960 - 17:37:01","-37.561402, 140.799309",clear,Unforeseeable accident
PC-3000077,767-300,180,42,15,32,"Jul. 3, 2004 - 11:29:13","0.275221, 128.232665",rainy,Humnan negligence
PC-3000078,777-300ER,549,12,0,14,"Jun. 30, 1956 - 23:01:08","-0.265339, -43.63311",rainy,Mechanical failure
PC-3000079,747-8i,551,12,0,16,"Apr. 2, 1962 - 04:00:09","27.103485, 113.37483",stormy,Mechanical failure
PC-3000080,MD-11,261,91,64,83,"Mar. 15, 2005 - 20:01:19","1.545776, -43.250755",clear,Mechanical failure
PC-3000081,767-300,177,92,43,56,"May 22, 1994 - 22:19:15","28.845581, 99.514278",stormy,Unforeseeable accident
PC-3000082,a319,143,3,0,4,"Jan. 23, 1952 - 00:21:58","-29.162749, 127.040571",clear,Humnan negligence
PC-3000083,747-400,423,268,70,67,"Feb. 5, 1956 - 06:52:14","1.685977, -61.511966",clear,Humnan negligence
PC-3000084,MD-11,329,165,88,79,"Oct. 9, 2013 - 08:23:26","19.641469, 73.134192",clear,Mechanical failure
PC-3000085,747-8i,583,15,0,12,"Apr. 25, 1985 - 02:54:54","0.944918, -46.765807",foggy,Humnan negligence
PC-3000086,a319,82,2,0,1,"Jun. 25, 1977 - 12:09:18","-38.113896, 127.351004",cloudy,Mechanical failure
PC-3000087,MD-11,289,151,67,73,"Feb. 22, 1967 - 12:17:04","28.129183, -95.702713",foggy,Mechanical failure
PC-3000088,a340-600,409,231,93,72,"Sep. 22, 1994 - 07:09:02","17.001087, -88.189506",stormy,Mechanical failure
PC-3000089,a340-300,412,43,8,44,"Nov. 22, 2007 - 21:31:42","22.622975, 95.554295",clear,Humnan negligence
PC-3000090,a340-300,385,248,61,90,"May 6, 1960 - 03:10:21","-3.044945, 120.842848",foggy,Unforeseeable accident
PC-3000091,747-400,472,87,53,94,"Apr. 2, 1975 - 13:34:51","23.842499, 93.783117",rainy,Mechanical failure
PC-3000092,a319,58,5,1,4,"Sep. 7, 1980 - 05:11:30","62.725468, -49.206645",stormy,Mechanical failure
PC-3000093,a380-800,798,70,19,86,"Dec. 9, 1971 - 14:54:58","22.50307, 0.099221",stormy,Humnan negligence
PC-3000094,767-300,265,86,65,85,"Jan. 11, 1985 - 17:37:58","43.657127, -123.125251",stormy,Unforeseeable accident
PC-3000095,a340-300,344,307,37,0,"Jul. 30, 1954 - 23:21:23","34.264382, 7.230941",foggy,Unforeseeable accident
PC-3000096,a340-600,350,75,35,78,"Jun. 19, 1962 - 15:23:13","-18.44866, -45.603029",cloudy,Unforeseeable accident
PC-3000097,a340-300,417,43,8,29,"Aug. 9, 1977 - 03:53:01","-3.40958, 136.376061",foggy,Mechanical failure
PC-3000098,747-8i,547,418,120,9,"Dec. 11, 1955 - 23:55:51","-5.440915, 22.941766",cloudy,Humnan negligence
PC-3000099,747-8i,559,12,0,12,"Oct. 2, 1974 - 06:42:39","20.314177, 77.711063",foggy,Mechanical failure
PC-3000100,a340-300,427,9,0,12,"Sep. 7, 1966 - 04:18:56","45.847084, 73.276403",clear,Mechanical failure
PC-3000101,a340-300,417,139,87,145,"Oct. 20, 1964 - 03:05:00","19.789168, -109.677669",cloudy,Humnan negligence
PC-3000102,747-400,416,10,0,10,"Mar. 21, 1990 - 16:19:03","24.657747, 100.490012",clear,Mechanical failure
PC-3000103,a340-600,358,82,30,60,"Feb. 26, 1975 - 18:31:30","-0.533676, -67.41718",rainy,Unforeseeable accident
PC-3000104,777-200,398,239,72,95,"Mar. 11, 1981 - 07:30:57","-20.129499, -65.359247",foggy,Mechanical failure
PC-3000105,737-700,77,30,18,24,"Jul. 9, 1982 - 11:35:44","57.418509, -66.296229",clear,Unforeseeable accident
PC-3000106,777-300ER,475,168,113,154,"Dec. 3, 1950 - 14:25:52","18.727578, -111.749727",clear,Humnan negligence
PC-3000107,767-300,198,4,0,5,"Jan. 19, 1986 - 05:13:47","32.507726, 2.969497",clear,Unforeseeable accident
PC-3000108,a340-600,413,97,39,88,"Feb. 23, 1973 - 01:21:43","23.912509, 109.874865",rainy,Humnan negligence
PC-3000109,777-200,424,74,37,104,"Aug. 24, 1994 - 20:28:30","-1.025871, 28.314506",clear,Humnan negligence
PC-3000110,a380-800,808,625,140,43,"Jun. 21, 1969 - 08:22:01","10.854391, 83.617095",clear,Unforeseeable accident
PC-3000111,MD-11,339,29,7,25,"Jun. 29, 2004 - 13:03:48","62.980107, -24.186434",rainy,Unforeseeable accident
PC-3000112,a380-800,866,765,85,16,"Jan. 6, 1994 - 22:15:38","-6.058721, 18.614186",stormy,Unforeseeable accident
PC-3000113,777-300ER,498,253,107,121,"May 21, 2019 - 02:01:59","12.44483, 69.854548",stormy,Humnan negligence
PC-3000114,a340-600,332,30,7,41,"Sep. 3, 1966 - 00:24:18","21.879946, 6.044693",rainy,Humnan negligence
PC-3000115,747-400,421,9,0,9,"Apr. 25, 2003 - 21:34:30","79.259059, -44.477751",foggy,Unforeseeable accident
PC-3000116,MD-11,342,118,74,126,"Jun. 7, 2019 - 17:17:34","73.485401, 111.354413",stormy,Humnan negligence
PC-3000117,777-200,411,368,37,6,"Oct. 12, 1990 - 05:18:24","76.677688, 58.081043",stormy,Mechanical failure
PC-3000118,777-200,361,148,69,118,"Dec. 5, 1955 - 23:18:42","-17.068874, -63.429025",stormy,Unforeseeable accident
PC-3000119,747-400,509,10,0,12,"Dec. 20, 1968 - 21:12:59","42.902248, -104.813772",rainy,Humnan negligence
PC-3000120,777-300ER,526,206,122,144,"Mar. 2, 2006 - 07:49:53","51.307268, 51.027719",cloudy,Mechanical failure
PC-3000121,747-8i,604,129,49,95,"Nov. 17, 1957 - 02:39:58","35.772895, -98.705867",rainy,Humnan negligence
PC-3000122,757-200,117,60,26,34,"Sep. 24, 1990 - 10:02:24","24.116368, 71.72211",foggy,Mechanical failure
PC-3000123,a340-600,318,54,38,88,"Jan. 20, 2018 - 22:17:29","-48.608723, -69.074483",cloudy,Mechanical failure
PC-3000124,777-300ER,537,195,121,146,"Nov. 12, 1993 - 22:09:47","4.678894, 137.446578",stormy,Humnan negligence
PC-3000125,a319,57,1,0,1,"May 18, 2009 - 02:05:11","50.336927, -62.333903",foggy,Mechanical failure
PC-3000126,747-400,439,417,19,3,"Mar. 27, 2007 - 19:26:30","35.227809, 116.96595",clear,Mechanical failure
PC-3000127,767-300,175,167,8,0,"Jun. 11, 2013 - 17:06:21","-2.898069, -59.866154",stormy,Humnan negligence
PC-3000128,767-300,174,17,3,13,"Jul. 6, 2007 - 03:14:13","-13.433817, -40.68615",clear,Mechanical failure
PC-3000129,a319,83,2,0,2,"Aug. 30, 2001 - 01:39:02","74.214392, -48.669733",foggy,Unforeseeable accident
PC-3000130,777-200,413,154,82,123,"Feb. 21, 2017 - 10:10:22","28.070694, -105.690663",rainy,Unforeseeable accident
PC-3000131,747-8i,508,204,99,152,"Mar. 31, 2018 - 01:04:40","17.652098, -99.519458",cloudy,Unforeseeable accident
PC-3000132,a340-300,425,422,2,1,"Jul. 11, 1953 - 10:56:58","18.052141, 53.532127",clear,Humnan negligence
PC-3000133,a319,99,84,12,3,"Jan. 17, 1964 - 00:06:11","29.302832, 38.370571",rainy,Mechanical failure
PC-3000134,a319,69,41,13,18,"Sep. 22, 2011 - 02:24:28","2.263021, 19.04334",foggy,Mechanical failure
PC-3000135,747-400,458,386,55,17,"Apr. 11, 1959 - 03:36:52","-4.681337, 101.593322",cloudy,Mechanical failure
PC-3000136,a319,76,12,7,19,"Aug. 14, 2013 - 08:38:07","60.658731, -62.206669",cloudy,Unforeseeable accident
PC-3000137,MD-11,252,89,54,92,"Aug. 3, 1966 - 18:45:34","-4.892166, 99.283631",rainy,Humnan negligence
PC-3000138,777-300ER,539,201,113,177,"Jul. 19, 1967 - 01:50:43","-19.512399, 123.461584",clear,Unforeseeable accident
PC-3000139,747-8i,506,325,93,93,"Apr. 14, 1980 - 12:19:13","44.99385, -72.720696",foggy,Mechanical failure
PC-3000140,a340-300,368,345,21,2,"Jul. 5, 2008 - 06:36:42","24.216478, 48.907928",cloudy,Humnan negligence
PC-3000141,757-200,168,149,14,5,"Jan. 16, 1991 - 09:37:35","27.884325, 109.637206",stormy,Mechanical failure
PC-3000142,a340-600,324,79,37,82,"Jul. 3, 1981 - 23:42:01","-24.075844, -57.445084",clear,Mechanical failure
PC-3000143,a340-600,362,126,93,129,"Dec. 18, 1964 - 10:57:20","26.381867, -113.79079",cloudy,Humnan negligence
PC-3000144,777-300ER,509,49,13,67,"Oct. 18, 2001 - 01:06:20","19.524266, 51.636523",cloudy,Unforeseeable accident
PC-3000145,a319,59,29,15,17,"Nov. 13, 1979 - 00:42:44","18.936217, 76.039343",foggy,Mechanical failure
PC-3000146,767-300,162,32,10,36,"Dec. 13, 1953 - 17:13:55","-6.577952, 119.788325",foggy,Mechanical failure
PC-3000147,767-300,200,160,31,9,"May 22, 2000 - 11:09:49","18.26382, 37.116055",cloudy,Mechanical failure
PC-3000148,757-200,187,117,36,45,"Apr. 17, 1962 - 02:58:17","25.590716, 11.290808",stormy,Mechanical failure
PC-3000149,757-200,118,9,3,16,"Aug. 23, 2016 - 20:26:20","-18.974654, 139.25346",clear,Unforeseeable accident
PC-3000150,767-300,188,5,0,5,"Dec. 8, 1981 - 05:20:48","62.575646, -118.449883",foggy,Humnan negligence
PC-3000151,747-8i,509,42,9,70,"Apr. 27, 1983 - 01:18:37","19.267772, 80.721864",foggy,Unforeseeable accident
PC-3000152,a340-300,384,208,88,80,"Jul. 31, 1997 - 07:03:12","-7.048063, 112.410622",cloudy,Unforeseeable accident
PC-3000153,MD-11,258,62,34,48,"May 27, 1967 - 06:04:18","-31.942554, 152.300307",foggy,Humnan negligence
PC-3000154,777-200,410,394,15,1,"Jul. 28, 2013 - 23:07:18","79.25073, -52.932348",cloudy,Humnan negligence
PC-3000155,a340-600,356,217,69,55,"Apr. 6, 1995 - 11:52:48","41.019098, -113.557662",foggy,Mechanical failure
PC-3000156,757-200,145,4,0,3,"Jan. 13, 1954 - 16:00:23","-10.177902, 22.232593",stormy,Humnan negligence
PC-3000157,747-8i,601,148,49,119,"Jan. 11, 2009 - 15:17:32","50.90577, -89.564002",rainy,Humnan negligence
PC-3000158,777-200,426,241,87,122,"Oct. 14, 1993 - 20:56:50","-49.454404, -59.143214",clear,Humnan negligence
PC-3000159,a319,134,2,0,2,"Mar. 13, 2018 - 21:59:40","26.252987, 74.232042",rainy,Humnan negligence
PC-3000160,737-700,66,16,8,10,"Oct. 6, 1988 - 20:52:18","-33.679005, -57.231363",clear,Humnan negligence
PC-3000161,a380-800,858,208,56,150,"Oct. 15, 1959 - 05:26:52","8.447751, 78.545124",clear,Humnan negligence
PC-3000162,767-300,194,103,45,40,"Sep. 21, 1973 - 10:07:01","-37.852534, 119.321353",rainy,Unforeseeable accident
PC-3000163,a340-300,413,9,0,11,"Jan. 15, 2006 - 04:51:28","20.677258, 51.816403",rainy,Humnan negligence
PC-3000164,a340-600,360,30,7,36,"Oct. 29, 2014 - 01:46:05","66.006104, 149.833955",cloudy,Humnan negligence
PC-3000165,767-300,266,54,21,70,"Mar. 17, 2001 - 09:02:16","10.185777, 77.752925",cloudy,Humnan negligence
PC-3000166,a380-800,766,464,146,154,"May 21, 2006 - 05:13:27","0.574098, 100.745535",stormy,Unforeseeable accident
PC-3000167,a380-800,822,743,66,13,"May 16, 2002 - 12:00:35","40.043993, -93.498847",rainy,Humnan negligence
PC-3000168,747-400,477,394,64,19,"Jan. 29, 1976 - 02:52:14","67.302834, -76.474749",foggy,Humnan negligence
PC-3000169,777-300ER,476,48,10,56,"Mar. 11, 1950 - 10:12:30","-30.989988, -63.679908",stormy,Humnan negligence
PC-3000170,777-200,332,283,49,0,"Oct. 23, 1999 - 20:07:44","-3.036652, -57.858762",foggy,Mechanical failure
PC-3000171,a340-600,402,225,80,90,"Nov. 1, 1951 - 09:48:58","-21.272105, -45.292972",clear,Unforeseeable accident
PC-3000172,a319,103,56,20,31,"Jun. 22, 1973 - 06:00:14","-41.944357, -63.317679",cloudy,Mechanical failure
PC-3000173,a380-800,856,273,228,298,"Jul. 26, 2006 - 14:21:23","-30.078529, 118.548426",stormy,Humnan negligence
PC-3000174,a340-600,370,203,90,101,"Feb. 2, 1999 - 21:28:17","42.527486, 63.324159",stormy,Mechanical failure
PC-3000175,MD-11,318,28,7,25,"Feb. 9, 2008 - 14:01:04","-36.05831, 116.791492",foggy,Unforeseeable accident
PC-3000176,a380-800,767,303,145,226,"Jun. 23, 2016 - 23:43:05","59.762845, -61.567194",foggy,Unforeseeable accident
PC-3000177,MD-11,326,60,30,62,"Sep. 27, 1954 - 11:44:40","7.813019, 128.461319",stormy,Mechanical failure
PC-3000178,a319,121,117,4,0,"Apr. 28, 1992 - 00:45:09","32.044654, -78.112051",clear,Humnan negligence
PC-3000179,747-8i,535,442,73,20,"Sep. 18, 2018 - 08:51:10","72.364231, -47.634317",stormy,Unforeseeable accident
PC-3000180,757-200,112,18,13,29,"Apr. 23, 1989 - 14:51:57","22.035961, 74.498527",rainy,Unforeseeable accident
PC-3000181,MD-11,260,106,52,91,"Sep. 14, 2008 - 16:29:03","50.005204, 47.498027",cloudy,Unforeseeable accident
PC-3000182,757-200,144,24,11,24,"Jul. 20, 2018 - 17:11:23","24.083966, 97.14582",foggy,Mechanical failure
PC-3000183,777-200,382,138,94,135,"Jan. 25, 2005 - 13:51:47","-36.074556, -68.010259",cloudy,Unforeseeable accident
PC-3000184,757-200,182,159,19,4,"Aug. 18, 1964 - 10:20:30","3.244968, 18.743371",stormy,Unforeseeable accident
PC-3000185,a340-600,328,29,7,31,"Jun. 20, 2002 - 11:42:50","44.98029, 58.164468",cloudy,Humnan negligence
PC-3000186,747-8i,545,81,65,92,"Jan. 4, 1993 - 23:02:13","36.992426, -83.329234",clear,Mechanical failure
PC-3000187,a319,75,7,2,10,"Jun. 10, 1993 - 00:27:05","20.621781, -5.791793",cloudy,Terrorism
PC-3000188,a340-300,335,262,66,7,"Jul. 12, 1991 - 17:35:22","-3.302891, -50.585389",rainy,Mechanical failure
PC-3000189,a380-800,826,748,74,4,"May 24, 2019 - 06:26:45","4.478988, 18.405129",foggy,Humnan negligence
PC-3000190,747-8i,493,44,10,61,"Nov. 14, 1979 - 04:32:12","3.393097, 17.209622",clear,Unforeseeable accident
PC-3000191,MD-11,342,123,75,93,"Dec. 7, 2016 - 21:15:28","-20.013491, 131.037824",rainy,Unforeseeable accident
PC-3000192,a380-800,737,650,74,13,"Mar. 13, 1967 - 09:16:29","-28.071055, -68.836274",rainy,Unforeseeable accident
PC-3000193,777-200,432,37,8,53,"Apr. 8, 1982 - 17:52:08","14.23478, 78.991494",cloudy,Humnan negligence
PC-3000194,747-8i,546,108,45,106,"Jul. 9, 1992 - 13:36:51","-4.803715, -48.119056",foggy,Humnan negligence
PC-3000195,747-400,414,231,83,117,"Sep. 13, 1996 - 03:24:25","-42.297881, -69.080201",cloudy,Humnan negligence
PC-3000196,MD-11,285,178,48,69,"Jul. 21, 2001 - 16:20:14","-11.564572, -72.596383",rainy,Mechanical failure
PC-3000197,a340-600,325,30,7,43,"May 29, 1981 - 15:07:33","47.485405, 54.372963",rainy,Mechanical failure
PC-3000198,a340-600,382,230,75,84,"Jun. 26, 1976 - 14:58:39","58.08869, -57.305565",rainy,Mechanical failure
PC-3000199,747-8i,544,59,10,45,"Feb. 21, 1960 - 03:15:51","57.729129, -137.846517",foggy,Unforeseeable accident
PC-3000200,a319,105,39,20,33,"May 17, 1956 - 04:17:33","52.438114, -95.455606",cloudy,Unforeseeable accident
PC-3000201,a340-600,398,212,86,86,"Dec. 3, 1958 - 01:48:34","-3.039984, -35.962867",clear,Unforeseeable accident
PC-3000202,747-8i,547,342,107,102,"Jun. 30, 1988 - 17:37:58","21.001215, -102.020042",stormy,Mechanical failure
PC-3000203,757-200,184,102,42,52,"Sep. 2, 1971 - 16:34:47","66.034329, -94.254677",foggy,Humnan negligence
PC-3000204,747-400,421,44,8,44,"Nov. 6, 1979 - 05:16:16","72.704202, 127.092643",rainy,Mechanical failure
PC-3000205,747-400,509,490,19,0,"Sep. 3, 1959 - 14:27:40","29.323258, 35.912023",cloudy,Humnan negligence
PC-3000206,747-8i,594,51,11,52,"Jun. 27, 1985 - 20:57:51","59.494399, 136.15871",rainy,Unforeseeable accident
PC-3000207,a380-800,848,208,51,139,"Apr. 15, 2001 - 20:30:23","-6.499742, -70.840637",rainy,Mechanical failure
PC-3000208,747-8i,575,11,0,12,"Apr. 30, 1996 - 14:53:45","14.558821, 73.35777",stormy,Unforeseeable accident
PC-3000209,737-700,121,69,23,26,"Jan. 19, 2014 - 13:47:48","-1.859192, -48.954768",rainy,Mechanical failure
PC-3000210,747-8i,544,93,46,149,"Jan. 28, 1979 - 00:33:22","-8.182685, 116.898165",foggy,Humnan negligence
PC-3000211,777-300ER,516,50,13,62,"May 16, 1995 - 15:16:42","70.508854, 109.128708",rainy,Mechanical failure
PC-3000212,747-400,427,11,0,10,"May 17, 2011 - 16:35:28","29.658856, 117.982133",foggy,Mechanical failure
PC-3000213,737-700,66,66,0,0,"Oct. 14, 1967 - 11:54:32","19.084572, 43.502649",cloudy,Unforeseeable accident
PC-3000214,747-8i,598,12,0,14,"Jul. 21, 1988 - 12:08:30","-0.89661, 23.009189",cloudy,Unforeseeable accident
PC-3000215,a380-800,811,138,81,173,"Jun. 25, 1978 - 11:00:24","25.800291, 46.917861",rainy,Mechanical failure
PC-3000216,a380-800,838,190,86,218,"Sep. 10, 1989 - 15:20:34","4.477505, 99.394324",stormy,Terrorism
PC-3000217,747-8i,515,49,9,48,"Mar. 9, 1951 - 17:37:38","56.512077, 130.159364",clear,Humnan negligence
PC-3000218,MD-11,302,250,45,7,"Apr. 15, 1973 - 09:15:28","-17.971769, -57.494689",foggy,Mechanical failure
PC-3000219,747-400,422,45,10,44,"May 8, 1962 - 07:15:25","27.821747, 68.850417",clear,Mechanical failure
PC-3000220,747-400,503,496,5,2,"Jan. 3, 1952 - 16:56:27","47.205665, -97.592191",cloudy,Humnan negligence
PC-3000221,a380-800,771,17,0,17,"Mar. 30, 1966 - 01:04:50","-9.046341, 97.126654",rainy,Humnan negligence
PC-3000222,a340-300,330,62,37,56,"Dec. 8, 2000 - 00:56:12","-33.907758, -57.148515",clear,Humnan negligence
PC-3000223,a319,85,2,0,2,"Aug. 15, 1963 - 22:36:50","33.476676, 108.829522",clear,Unforeseeable accident
PC-3000224,777-200,383,205,87,84,"May 24, 2019 - 21:12:42","19.696795, -2.319488",clear,Unforeseeable accident
PC-3000225,777-200,363,9,0,7,"Mar. 4, 1989 - 10:04:30","24.665039, 81.101958",stormy,Unforeseeable accident
PC-3000226,747-400,455,36,11,62,"Sep. 21, 1965 - 19:07:38","18.399247, -102.998319",cloudy,Humnan negligence
PC-3000227,777-200,419,10,0,9,"Dec. 8, 2005 - 14:20:24","-24.5258, 144.90141",rainy,Unforeseeable accident
PC-3000228,777-300ER,545,135,39,121,"Jul. 1, 2019 - 23:48:48","20.852342, 48.840123",clear,Humnan negligence
PC-3000229,737-700,96,1,0,1,"Sep. 11, 1974 - 01:00:18","69.721601, -35.206409",clear,Mechanical failure
PC-3000230,747-8i,508,317,87,99,"May 18, 2001 - 15:51:39","25.653528, 44.883704",clear,Mechanical failure
PC-3000231,a380-800,737,476,125,171,"Nov. 15, 1972 - 08:04:11","-4.432736, -64.669884",stormy,Humnan negligence
PC-3000232,737-700,95,1,0,1,"Nov. 3, 1982 - 00:53:54","81.6111, -55.767576",foggy,Humnan negligence
PC-3000233,747-8i,570,58,14,49,"Dec. 3, 1987 - 12:01:16","25.516599, 35.896748",foggy,Humnan negligence
PC-3000234,a380-800,854,465,192,172,"Jan. 24, 1998 - 19:02:31","50.965464, -107.545948",rainy,Unforeseeable accident
PC-3000235,757-200,192,5,0,5,"Mar. 30, 1980 - 06:00:55","-16.921128, -40.761369",cloudy,Unforeseeable accident
PC-3000236,a380-800,789,197,47,143,"Oct. 14, 1979 - 20:59:55","34.489217, 115.310264",foggy,Mechanical failure
PC-3000237,747-400,507,50,9,60,"May 10, 2008 - 15:15:20","-25.233676, -63.563068",rainy,Mechanical failure
PC-3000238,767-300,224,21,4,28,"Aug. 18, 1988 - 23:16:09","83.043315, -52.48665",clear,Mechanical failure
PC-3000239,747-400,487,39,8,59,"Jul. 19, 1974 - 02:22:45","-1.971023, 22.101454",rainy,Mechanical failure
PC-3000240,757-200,177,43,10,31,"Jan. 7, 2012 - 20:02:54","33.835688, -83.298213",foggy,Humnan negligence
PC-3000241,757-200,174,14,4,19,"Jan. 21, 1992 - 22:25:55","33.631717, 93.501331",rainy,Unforeseeable accident
PC-3000242,737-700,109,9,3,13,"Mar. 16, 1960 - 16:38:27","51.461157, 57.836383",foggy,Mechanical failure
PC-3000243,MD-11,272,27,5,29,"Mar. 19, 2005 - 15:04:25","49.879901, 64.364242",rainy,Unforeseeable accident
PC-3000244,a380-800,792,241,200,310,"Nov. 7, 2011 - 09:45:47","66.69266, -36.921879",stormy,Mechanical failure
PC-3000245,737-700,72,71,1,0,"Jul. 1, 1968 - 13:21:20","78.547409, -20.758597",stormy,Humnan negligence
PC-3000246,767-300,238,72,53,86,"Sep. 17, 2018 - 00:57:06","42.916386, -115.123676",clear,Humnan negligence
PC-3000247,747-8i,518,484,28,6,"Apr. 18, 1969 - 14:15:38","18.724498, 75.411423",clear,Mechanical failure
PC-3000248,a380-800,807,312,166,206,"Sep. 1, 2007 - 17:51:08","-6.257225, -52.243752",cloudy,Humnan negligence
PC-3000249,MD-11,275,5,0,5,"Nov. 19, 1962 - 00:47:29","60.162297, 113.389857",clear,Unforeseeable accident
PC-3000250,a340-300,439,82,43,77,"May 24, 1979 - 19:53:35","23.339527, 39.418542",rainy,Mechanical failure
PC-3000251,a340-300,403,97,35,77,"Mar. 10, 1977 - 09:06:40","67.966018, -138.464963",rainy,Humnan negligence
PC-3000252,757-200,109,38,27,31,"Sep. 1, 1992 - 17:43:25","22.7788, 37.722204",rainy,Unforeseeable accident
PC-3000253,MD-11,272,65,32,50,"Dec. 15, 1953 - 07:34:08","23.921389, -89.421176",foggy,Humnan negligence
PC-3000254,777-300ER,474,39,8,49,"Jun. 21, 1968 - 07:22:14","30.170787, 42.790427",foggy,Unforeseeable accident
PC-3000255,757-200,122,42,28,33,"Oct. 16, 2003 - 09:37:54","-50.425261, -59.303119",cloudy,Unforeseeable accident
PC-3000256,767-300,177,37,12,45,"Mar. 18, 2010 - 23:52:10","70.021193, -24.126287",rainy,Humnan negligence
PC-3000257,777-300ER,447,42,9,37,"Sep. 8, 1998 - 05:32:26","27.803574, -99.920631",foggy,Unforeseeable accident
PC-3000258,a340-300,337,33,7,42,"Aug. 22, 2018 - 05:21:44","26.411978, 45.290527",foggy,Unforeseeable accident
PC-3000259,a319,100,3,0,2,"Apr. 30, 1964 - 09:05:59","68.831055, 169.302649",cloudy,Unforeseeable accident
PC-3000260,747-8i,570,11,0,11,"Jun. 3, 1999 - 03:34:02","72.135443, -29.658323",clear,Mechanical failure
PC-3000261,737-700,93,1,0,2,"Apr. 5, 1972 - 10:32:25","-16.866842, 148.515822",cloudy,Unforeseeable accident
PC-3000262,747-8i,569,59,13,40,"Sep. 11, 2013 - 06:40:10","-44.308676, -69.382285",rainy,Humnan negligence
PC-3000263,a380-800,764,21,0,15,"Apr. 20, 1976 - 00:39:06","29.852749, -1.753521",rainy,Unforeseeable accident
PC-3000264,737-700,93,86,5,2,"Aug. 23, 1976 - 13:57:59","72.750915, -53.581121",clear,Mechanical failure
PC-3000265,777-300ER,537,54,10,59,"Oct. 1, 1979 - 01:29:58","-7.565657, 19.89757",foggy,Humnan negligence
PC-3000266,a319,156,85,32,35,"Apr. 15, 1979 - 06:05:47","81.982864, -41.872535",rainy,Humnan negligence
PC-3000267,737-700,86,29,18,26,"Jan. 8, 2012 - 16:23:39","61.105419, -48.145262",rainy,Mechanical failure
PC-3000268,777-300ER,483,14,0,11,"Mar. 11, 1959 - 06:58:29","-22.927886, -57.124093",foggy,Unforeseeable accident
PC-3000269,777-300ER,443,102,50,110,"Jul. 26, 2009 - 02:46:02","23.8319, 76.605826",cloudy,Unforeseeable accident
PC-3000270,a319,85,19,5,16,"Jan. 30, 2015 - 05:27:37","66.713751, 42.310089",clear,Humnan negligence
PC-3000271,767-300,199,48,26,34,"Feb. 14, 2012 - 06:59:54","30.969274, 116.246396",cloudy,Unforeseeable accident
PC-3000272,747-400,494,91,35,125,"Mar. 14, 1964 - 19:21:53","41.829015, 47.307285",rainy,Unforeseeable accident
PC-3000273,MD-11,324,208,55,67,"Mar. 13, 1958 - 08:14:56","34.633536, 8.935906",stormy,Mechanical failure
PC-3000274,747-8i,578,309,144,154,"Mar. 12, 2000 - 04:59:08","45.972526, 86.65802",cloudy,Mechanical failure
PC-3000275,a340-300,408,76,31,99,"Jan. 8, 1970 - 05:26:02","72.427484, 162.446162",stormy,Unforeseeable accident
PC-3000276,MD-11,299,102,77,101,"May 15, 1996 - 12:06:21","-14.989348, 144.444275",clear,Unforeseeable accident
PC-3000277,757-200,171,15,4,23,"Oct. 25, 2019 - 02:54:26","-29.650368, 151.922069",cloudy,Unforeseeable accident
PC-3000278,767-300,246,198,37,11,"Aug. 5, 1998 - 04:50:00","66.089047, 52.205615",cloudy,Unforeseeable accident
PC-3000279,737-700,111,60,24,25,"Nov. 13, 1976 - 03:45:38","3.000823, 115.3913",stormy,Unforeseeable accident
PC-3000280,737-700,85,55,16,17,"Aug. 1, 2015 - 13:21:24","54.068637, -70.319683",stormy,Unforeseeable accident
PC-3000281,a340-300,374,35,6,50,"Apr. 1, 1993 - 20:08:36","53.837797, 68.586839",foggy,Humnan negligence
PC-3000282,747-8i,567,123,77,119,"Sep. 29, 1968 - 19:58:06","77.014733, 151.049614",rainy,Unforeseeable accident
PC-3000283,767-300,181,17,3,18,"Mar. 14, 1989 - 01:37:19","55.210354, -82.248151",rainy,Humnan negligence
PC-3000284,757-200,107,2,0,3,"Apr. 20, 1961 - 04:27:00","29.543293, -3.4122",stormy,Mechanical failure
PC-3000285,767-300,258,58,24,51,"May 8, 1972 - 00:26:58","54.513015, 52.179117",foggy,Mechanical failure
PC-3000286,a340-600,392,141,95,132,"Apr. 23, 2003 - 18:41:52","23.825044, 80.253788",clear,Humnan negligence
PC-3000287,MD-11,240,47,17,65,"Dec. 16, 1979 - 17:39:45","-32.301665, 145.739453",stormy,Unforeseeable accident
PC-3000288,777-300ER,530,176,136,195,"May 27, 1955 - 11:55:50","25.018338, -95.549368",clear,Mechanical failure
PC-3000289,a340-300,358,32,6,32,"Dec. 13, 2007 - 11:07:03","61.225264, -53.49831",rainy,Unforeseeable accident
PC-3000290,757-200,176,153,22,1,"May 25, 1998 - 23:11:00","19.878308, 83.883672",cloudy,Unforeseeable accident
PC-3000291,747-400,478,115,33,122,"Oct. 12, 1975 - 05:20:36","58.255437, -63.877275",clear,Unforeseeable accident
PC-3000292,a340-300,360,10,0,10,"Oct. 30, 1991 - 06:42:58","47.156874, 58.515266",rainy,Humnan negligence
PC-3000293,737-700,71,22,19,27,"Feb. 3, 1971 - 23:35:59","59.87568, 128.863767",stormy,Unforeseeable accident
PC-3000294,a319,86,43,20,21,"Dec. 28, 1970 - 14:05:01","7.01411, 111.595352",foggy,Unforeseeable accident
PC-3000295,a340-300,397,394,2,1,"May 12, 1983 - 21:41:29","69.273487, -29.657952",clear,Humnan negligence
PC-3000296,747-400,441,175,87,129,"Sep. 19, 2014 - 19:08:53","27.684259, 1.097512",cloudy,Mechanical failure
PC-3000297,757-200,96,18,10,20,"Oct. 18, 1969 - 01:48:55","61.217336, -55.198841",cloudy,Humnan negligence
PC-3000298,a380-800,785,66,20,107,"Feb. 10, 2001 - 07:42:13","31.976522, 101.242253",rainy,Mechanical failure
PC-3000299,MD-11,319,50,32,68,"Oct. 3, 1980 - 00:14:04","45.21148, 71.813635",clear,Humnan negligence
PC-3000300,777-300ER,472,414,58,0,"Apr. 24, 1970 - 17:46:50","-38.909436, -66.451234",stormy,Humnan negligence
PC-3000301,737-700,102,39,20,32,"Sep. 18, 2004 - 13:31:34","23.820576, 53.558956",cloudy,Unforeseeable accident
PC-3000302,747-8i,496,85,62,103,"Feb. 18, 1985 - 01:24:14","22.038277, -6.819749",cloudy,Humnan negligence
PC-3000303,a319,152,56,37,54,"Oct. 22, 1990 - 13:11:05","70.685792, 60.389597",foggy,Unforeseeable accident
PC-3000304,747-400,452,274,79,117,"May 30, 1997 - 19:35:21","23.516782, -8.029039",rainy,Unforeseeable accident
PC-3000305,747-8i,525,277,128,153,"Sep. 9, 1962 - 09:46:18","24.410862, 40.139947",stormy,Humnan negligence
PC-3000306,767-300,230,41,19,43,"Oct. 2, 2010 - 09:26:24","65.00139, -136.041121",cloudy,Mechanical failure
PC-3000307,737-700,79,32,14,20,"Apr. 16, 2019 - 15:45:25","53.601975, -136.453285",clear,Humnan negligence
PC-3000308,777-200,357,76,25,69,"Jul. 13, 1952 - 00:29:44","19.395401, 36.263866",rainy,Mechanical failure
PC-3000309,777-300ER,470,146,102,171,"Jul. 7, 1962 - 18:30:24","20.641831, -2.258294",rainy,Mechanical failure
PC-3000310,747-400,488,161,123,158,"Jun. 3, 1994 - 17:25:39","40.803587, -103.582086",foggy,Mechanical failure
PC-3000311,a340-600,363,10,0,7,"Feb. 18, 2006 - 13:38:33","54.642891, -67.971417",cloudy,Mechanical failure
PC-3000312,MD-11,288,253,32,3,"Aug. 27, 1971 - 00:58:17","29.782264, 82.730649",cloudy,Mechanical failure
PC-3000313,777-200,393,43,8,52,"Nov. 5, 1950 - 08:14:33","61.924183, -58.470257",stormy,Unforeseeable accident
PC-3000314,747-8i,527,163,116,150,"Jul. 15, 1963 - 03:45:14","-35.167333, 143.0007",clear,Mechanical failure
PC-3000315,MD-11,308,62,40,83,"Aug. 13, 1987 - 21:37:43","69.617977, -96.46051",foggy,Unforeseeable accident
PC-3000316,767-300,189,73,40,49,"May 27, 2013 - 23:05:48","-25.201219, -57.529422",rainy,Mechanical failure
PC-3000317,a380-800,791,314,167,218,"Feb. 19, 2015 - 06:41:22","33.520607, 106.210699",rainy,Humnan negligence
PC-3000318,a340-600,381,242,71,69,"Jan. 8, 1998 - 17:37:30","20.068476, 70.180788",rainy,Unforeseeable accident
PC-3000319,a340-300,428,34,8,38,"Apr. 22, 2012 - 03:42:25","-27.59359, 126.129029",stormy,Humnan negligence
PC-3000320,747-400,475,115,44,116,"May 4, 1964 - 12:31:59","22.019444, 38.359263",cloudy,Unforeseeable accident
PC-3000321,a340-600,409,145,97,121,"Nov. 6, 2014 - 02:24:18","12.696426, 85.311062",clear,Unforeseeable accident
PC-3000322,a340-300,406,76,56,86,"May 26, 1980 - 14:50:40","44.926053, -78.95402",cloudy,Unforeseeable accident
PC-3000323,a380-800,728,577,117,34,"May 20, 1991 - 18:34:32","29.442143, 85.447814",stormy,Mechanical failure
PC-3000324,767-300,204,73,51,68,"Jul. 4, 1993 - 16:30:11","47.106518, 81.310639",stormy,Humnan negligence
PC-3000325,757-200,131,2,0,3,"Aug. 27, 1973 - 16:14:51","55.278667, -63.698011",clear,Humnan negligence
PC-3000326,747-8i,569,14,0,16,"Oct. 14, 2002 - 20:44:10","62.275272, -125.004347",rainy,Unforeseeable accident
PC-3000327,a319,71,58,10,3,"Jul. 5, 2006 - 09:03:46","47.321206, 50.339963",foggy,Mechanical failure
PC-3000328,a340-300,381,39,9,29,"Jan. 17, 2007 - 06:23:26","27.69529, 40.252961",clear,Humnan negligence
PC-3000329,767-300,233,191,31,11,"Jan. 4, 1973 - 00:32:35","23.667759, -106.362525",clear,Mechanical failure
PC-3000330,777-300ER,476,110,38,100,"Sep. 30, 1971 - 20:02:05","41.5739, -104.216311",rainy,Unforeseeable accident
PC-3000331,737-700,68,38,15,12,"Mar. 28, 2013 - 13:41:59","-2.900252, 127.407898",foggy,Humnan negligence
PC-3000332,757-200,146,4,0,2,"Nov. 24, 1999 - 06:57:20","2.064662, 14.32369",foggy,Mechanical failure
PC-3000333,MD-11,340,177,78,69,"Jul. 18, 2014 - 21:31:01","69.176248, 49.098641",clear,Mechanical failure
PC-3000334,757-200,118,12,3,13,"Nov. 17, 2012 - 23:44:50","-4.38068, 125.021574",clear,Mechanical failure
PC-3000335,MD-11,311,167,74,91,"Oct. 17, 1959 - 21:22:31","-17.990073, -60.380728",foggy,Humnan negligence
PC-3000336,747-8i,539,446,91,2,"Feb. 17, 1987 - 02:45:34","-1.138059, 18.393952",stormy,Mechanical failure
PC-3000337,a380-800,752,571,138,43,"Aug. 11, 1997 - 15:13:18","-38.751639, -67.254265",foggy,Humnan negligence
PC-3000338,737-700,69,2,0,1,"Sep. 16, 1960 - 06:10:21","44.441002, 65.291093",foggy,Mechanical failure
PC-3000339,757-200,185,43,16,31,"Nov. 17, 1973 - 11:32:23","24.183225, 6.182814",clear,Mechanical failure
PC-3000340,737-700,120,40,30,42,"Oct. 11, 1984 - 16:44:35","42.833571, -122.376277",clear,Humnan negligence
PC-3000341,777-200,440,171,85,155,"Apr. 24, 2019 - 00:59:26","28.682926, 52.90444",clear,Mechanical failure
PC-3000342,767-300,178,35,19,42,"May 7, 1990 - 06:10:56","71.637805, -28.261849",clear,Mechanical failure
PC-3000343,777-300ER,519,261,118,126,"Aug. 2, 1970 - 08:02:13","-28.627649, -59.429259",stormy,Unforeseeable accident
PC-3000344,747-400,485,119,52,108,"Feb. 24, 1967 - 03:06:25","-1.290117, 113.625809",rainy,Unforeseeable accident
PC-3000345,777-300ER,466,432,29,5,"Mar. 20, 1958 - 01:16:14","69.201936, 66.302268",clear,Unforeseeable accident
PC-3000346,737-700,72,1,0,2,"Aug. 13, 1996 - 04:26:46","51.824293, -119.495004",foggy,Unforeseeable accident
PC-3000347,747-8i,569,295,145,128,"Jul. 2, 2015 - 12:18:35","-6.597382, 109.767956",rainy,Unforeseeable accident
PC-3000348,777-300ER,445,159,98,164,"Nov. 6, 1977 - 22:49:39","23.716527, 0.636004",foggy,Unforeseeable accident
PC-3000349,777-300ER,448,11,0,12,"Sep. 16, 2008 - 15:26:51","25.467089, 39.185889",foggy,Unforeseeable accident
PC-3000350,767-300,268,264,3,1,"May 16, 2010 - 20:09:09","73.971633, 114.582728",foggy,Humnan negligence
PC-3000351,a340-600,404,164,86,97,"Aug. 6, 1959 - 05:09:38","-4.624229, -42.930934",stormy,Unforeseeable accident
PC-3000352,747-8i,547,83,79,113,"Mar. 17, 2001 - 22:34:31","16.049795, -104.858163",clear,Unforeseeable accident
PC-3000353,a340-600,366,136,86,132,"Jul. 27, 1977 - 03:26:45","-50.56555, -67.06606",stormy,Unforeseeable accident
PC-3000354,737-700,118,63,26,22,"Oct. 26, 1960 - 03:09:51","52.145018, -76.475857",stormy,Unforeseeable accident
PC-3000355,747-400,453,67,36,103,"Feb. 11, 1975 - 12:09:31","64.856683, 175.880385",stormy,Mechanical failure
PC-3000356,747-400,520,86,68,110,"Aug. 1, 1961 - 15:05:56","22.133769, 5.852371",clear,Unforeseeable accident
PC-3000357,a340-300,382,35,7,51,"Jun. 30, 1962 - 11:26:43","32.646005, -99.133001",cloudy,Mechanical failure
PC-3000358,747-8i,496,454,37,5,"Dec. 8, 1957 - 00:16:55","51.190824, 57.341795",cloudy,Unforeseeable accident
PC-3000359,747-400,510,179,123,150,"Mar. 12, 1978 - 17:22:37","24.624312, 38.48289",foggy,Mechanical failure
PC-3000360,a340-300,372,351,17,4,"Jan. 26, 1984 - 03:32:38","-44.506925, -59.34482",cloudy,Humnan negligence
PC-3000361,MD-11,306,31,8,25,"May 10, 1976 - 12:27:45","70.217012, -28.276371",foggy,Unforeseeable accident
PC-3000362,a380-800,820,23,0,18,"Oct. 24, 1991 - 15:26:01","-34.158571, -64.657969",rainy,Mechanical failure
PC-3000363,a340-600,390,11,0,11,"Sep. 23, 1967 - 01:23:04","22.868758, 75.175778",cloudy,Mechanical failure
PC-3000364,737-700,102,19,11,16,"Dec. 10, 1984 - 22:48:20","2.352369, 13.312324",rainy,Unforeseeable accident
PC-3000365,777-200,409,99,37,64,"May 2, 2015 - 13:41:39","42.001535, 60.145119",clear,Unforeseeable accident
PC-3000366,a340-300,405,326,70,9,"Aug. 4, 1972 - 09:25:24","47.685681, 64.442516",cloudy,Humnan negligence
PC-3000367,777-300ER,462,179,88,168,"Jun. 5, 1989 - 00:29:03","0.080932, -53.644555",foggy,Unforeseeable accident
PC-3000368,MD-11,283,88,69,90,"Nov. 3, 1956 - 17:05:59","65.766877, -100.108203",rainy,Humnan negligence
PC-3000369,MD-11,323,176,71,92,"Aug. 6, 1961 - 19:52:55","-6.495356, 14.42412",stormy,Humnan negligence
PC-3000370,757-200,118,115,2,1,"May 25, 1968 - 19:59:30","-16.503821, 151.2901",cloudy,Humnan negligence
PC-3000371,777-200,401,151,99,119,"Dec. 14, 1999 - 17:16:04","61.59317, -37.044992",stormy,Humnan negligence
PC-3000372,777-300ER,475,14,0,10,"Nov. 19, 1986 - 16:57:59","20.349875, -114.994635",rainy,Humnan negligence
PC-3000373,777-300ER,479,307,87,106,"Apr. 29, 1997 - 12:41:50","4.788744, 107.854702",foggy,Humnan negligence
PC-3000374,a340-300,395,10,0,7,"Jul. 14, 1965 - 18:48:01","-31.046582, -60.340483",clear,Mechanical failure
PC-3000375,a340-600,350,180,91,82,"May 8, 1961 - 21:32:07","-5.573937, -45.503907",stormy,Unforeseeable accident
PC-3000376,a380-800,855,688,129,38,"Oct. 31, 1971 - 18:26:20","-34.935548, -58.173966",clear,Mechanical failure
PC-3000377,a319,68,5,1,5,"Apr. 18, 1955 - 09:21:15","57.366799, 69.984529",cloudy,Mechanical failure
PC-3000378,747-8i,569,451,97,21,"Feb. 14, 1964 - 03:11:29","-5.840824, 23.829741",clear,Humnan negligence
PC-3000379,a340-600,414,35,10,40,"May 20, 2019 - 15:14:18","38.947391, -75.649358",cloudy,Humnan negligence
PC-3000380,747-400,497,48,9,46,"Aug. 13, 1967 - 15:18:06","21.894135, 37.492014",rainy,Humnan negligence
PC-3000381,757-200,184,14,3,13,"Jul. 8, 1959 - 16:34:39","14.60207, 72.755299",rainy,Mechanical failure
PC-3000382,747-400,428,171,80,137,"Mar. 11, 2002 - 03:43:48","-2.417636, 111.316454",foggy,Humnan negligence
PC-3000383,MD-11,307,173,70,84,"Jul. 11, 2010 - 02:13:19","36.098369, 109.780686",clear,Unforeseeable accident
PC-3000384,767-300,201,171,26,4,"Aug. 22, 2004 - 07:03:48","-20.778224, -38.850049",stormy,Mechanical failure
PC-3000385,777-300ER,550,13,0,14,"Dec. 19, 1985 - 21:57:23","-1.130874, 115.003346",stormy,Mechanical failure
PC-3000386,747-8i,543,14,0,11,"Jan. 9, 2011 - 09:19:14","8.359441, 127.965672",stormy,Unforeseeable accident
PC-3000387,757-200,189,58,46,69,"Apr. 25, 2010 - 01:56:25","-13.131166, 26.442452",foggy,Unforeseeable accident
PC-3000388,a319,52,1,0,1,"Jul. 7, 1957 - 14:31:45","1.433076, -42.497001",rainy,Mechanical failure
PC-3000389,777-300ER,529,44,9,39,"Feb. 7, 2010 - 19:21:14","22.264018, -100.107968",rainy,Humnan negligence
PC-3000390,a380-800,755,244,200,283,"Oct. 24, 2003 - 16:57:04","26.024289, 89.97922",cloudy,Humnan negligence
PC-3000391,777-300ER,529,10,0,11,"Jun. 20, 2014 - 21:58:02","6.124856, 137.174998",rainy,Humnan negligence
PC-3000392,a340-600,389,62,39,88,"Nov. 30, 1952 - 14:00:32","65.109746, -100.291326",foggy,Unforeseeable accident
PC-3000393,MD-11,263,5,0,5,"Jan. 15, 1982 - 15:55:58","51.122697, -72.997102",stormy,Unforeseeable accident
PC-3000394,a340-300,417,40,9,46,"Jun. 18, 1976 - 10:48:17","-10.010929, 139.518633",rainy,Humnan negligence
PC-3000395,MD-11,307,8,0,7,"Jul. 15, 2003 - 05:08:51","-51.104859, -57.276227",rainy,Mechanical failure
PC-3000396,757-200,194,17,5,20,"May 21, 1999 - 21:38:54","24.459919, -110.747923",clear,Humnan negligence
PC-3000397,757-200,128,26,16,31,"Feb. 1, 1972 - 08:52:35","21.893031, 90.86751",clear,Humnan negligence
PC-3000398,747-400,451,137,110,149,"Feb. 13, 2002 - 14:06:00","68.02451, 160.346367",foggy,Humnan negligence
PC-3000399,737-700,124,13,2,15,"May 17, 1981 - 10:09:55","51.551245, 77.082834",rainy,Unforeseeable accident
PC-3000400,a340-600,413,11,0,8,"Jan. 12, 1959 - 00:36:14","-24.226147, -68.350109",foggy,Unforeseeable accident
PC-3000401,a380-800,841,20,0,24,"Oct. 15, 1950 - 13:25:17","75.479373, 159.75609",clear,Unforeseeable accident
PC-3000402,747-8i,519,165,128,206,"May 27, 1972 - 07:43:32","19.938506, 46.07637",rainy,Mechanical failure
PC-3000403,777-300ER,497,44,10,45,"Sep. 29, 1995 - 02:19:35","-50.482892, -61.795532",stormy,Humnan negligence
PC-3000404,a380-800,747,719,26,2,"Mar. 13, 2011 - 12:45:21","38.603292, -101.994316",rainy,Humnan negligence
PC-3000405,777-300ER,496,389,93,14,"Feb. 23, 1958 - 06:14:01","40.695663, -119.841154",clear,Unforeseeable accident
PC-3000406,a340-600,400,221,79,75,"Apr. 8, 1985 - 13:48:33","68.904766, -87.734648",rainy,Unforeseeable accident
PC-3000407,a380-800,765,654,103,8,"Aug. 10, 2001 - 08:55:00","31.581531, -0.524223",foggy,Unforeseeable accident
PC-3000408,777-200,333,6,0,9,"Nov. 6, 1993 - 13:38:31","52.190984, 70.90395",foggy,Mechanical failure
PC-3000409,a340-300,380,94,22,71,"Sep. 16, 1985 - 03:25:02","-12.227546, 25.510323",rainy,Humnan negligence
PC-3000410,737-700,69,43,13,11,"Mar. 5, 2005 - 18:46:32","26.334966, -4.484959",stormy,Humnan negligence
PC-3000411,MD-11,308,175,70,66,"Mar. 31, 1981 - 19:26:21","26.67952, 88.845565",clear,Mechanical failure
PC-3000412,777-300ER,534,14,0,13,"Dec. 18, 1997 - 22:30:58","-4.506351, -40.26306",rainy,Mechanical failure
PC-3000413,777-200,410,91,44,87,"Dec. 29, 2003 - 18:05:33","46.913141, 76.728378",cloudy,Unforeseeable accident
PC-3000414,747-400,504,43,9,57,"Mar. 12, 2018 - 11:27:20","68.048611, -28.685478",cloudy,Humnan negligence
PC-3000415,a380-800,860,702,127,31,"May 22, 1988 - 08:21:33","64.833103, 107.173535",stormy,Unforeseeable accident
PC-3000416,757-200,179,54,41,71,"Apr. 9, 2007 - 14:18:29","32.72478, -105.188508",rainy,Mechanical failure
PC-3000417,737-700,119,3,0,2,"Feb. 12, 1989 - 10:30:28","73.097927, 161.097286",cloudy,Mechanical failure
PC-3000418,737-700,97,7,2,11,"May 25, 1980 - 11:48:28","35.885643, -0.800734",foggy,Humnan negligence
PC-3000419,MD-11,247,145,49,64,"Mar. 16, 1985 - 02:48:36","50.607995, 84.442849",clear,Mechanical failure
PC-3000420,747-8i,539,171,146,173,"Jul. 5, 1999 - 09:00:33","49.003868, -88.389816",foggy,Unforeseeable accident
PC-3000421,777-200,334,26,9,42,"Feb. 15, 1981 - 11:56:06","58.243793, -99.812437",rainy,Unforeseeable accident
PC-3000422,a319,89,51,17,17,"Apr. 7, 1968 - 20:50:14","37.621956, 93.706131",clear,Humnan negligence
PC-3000423,a340-300,379,121,96,135,"Jul. 13, 1954 - 05:57:34","30.277216, 35.523914",cloudy,Mechanical failure
PC-3000424,a380-800,857,170,101,197,"Sep. 16, 1982 - 00:03:13","34.360498, 5.812943",clear,Humnan negligence
PC-3000425,777-200,413,78,38,90,"Apr. 26, 1998 - 01:56:33","1.221884, 15.884486",stormy,Humnan negligence
PC-3000426,747-8i,587,342,128,114,"Jun. 9, 2012 - 22:04:43","50.424327, -102.281953",clear,Humnan negligence
PC-3000427,757-200,101,94,5,2,"Mar. 22, 1977 - 22:08:57","19.00891, 39.598525",stormy,Humnan negligence
PC-3000428,757-200,167,166,1,0,"May 21, 1952 - 23:24:54","62.610757, 38.912979",foggy,Mechanical failure
PC-3000429,757-200,152,59,35,40,"Jul. 7, 1975 - 13:18:43","63.227294, 164.004933",clear,Mechanical failure
PC-3000430,757-200,176,157,17,2,"Feb. 4, 1957 - 15:26:57","-5.342807, 103.56889",clear,Humnan negligence
PC-3000431,747-8i,557,419,130,8,"May 19, 2017 - 03:46:55","-20.11497, 136.404375",clear,Mechanical failure
PC-3000432,a340-300,395,40,8,35,"Oct. 31, 1966 - 10:21:16","76.816098, -31.339355",cloudy,Mechanical failure
PC-3000433,a340-600,401,382,15,4,"Nov. 9, 1994 - 21:16:39","60.629943, 44.074268",stormy,Humnan negligence
PC-3000434,a380-800,742,630,91,21,"Dec. 26, 1997 - 18:29:38","49.796483, -93.188865",cloudy,Mechanical failure
PC-3000435,a340-600,373,227,69,94,"Mar. 30, 1987 - 08:51:13","65.733801, -36.132728",clear,Humnan negligence
PC-3000436,757-200,120,66,29,23,"Apr. 9, 1950 - 16:41:32","-30.728657, 148.851338",rainy,Unforeseeable accident
PC-3000437,747-8i,587,55,14,45,"Nov. 7, 2009 - 23:19:22","-10.873867, 19.862451",rainy,Mechanical failure
PC-3000438,737-700,83,51,14,18,"Aug. 4, 2013 - 08:45:09","29.242615, 115.961559",foggy,Unforeseeable accident
PC-3000439,777-300ER,550,180,139,174,"Dec. 30, 1960 - 17:24:28","-25.648565, -57.444552",cloudy,Mechanical failure
PC-3000440,MD-11,246,242,3,1,"Aug. 11, 1976 - 02:45:44","-12.744308, 138.741769",foggy,Humnan negligence
PC-3000441,757-200,97,15,14,16,"Jun. 20, 2019 - 22:41:03","-2.656955, 122.137945",stormy,Unforeseeable accident
PC-3000442,a340-600,370,38,9,30,"Dec. 10, 2006 - 16:51:33","26.35446, -5.975746",cloudy,Unforeseeable accident
PC-3000443,747-8i,492,425,51,16,"Sep. 19, 1989 - 21:34:10","-35.022486, 121.397814",rainy,Mechanical failure
PC-3000444,777-300ER,533,163,143,186,"Nov. 30, 1981 - 23:28:40","33.184865, -108.160483",clear,Mechanical failure
PC-3000445,a340-300,401,260,72,65,"Mar. 3, 1996 - 12:56:22","44.798571, 82.203747",clear,Unforeseeable accident
PC-3000446,777-200,422,362,53,7,"Mar. 21, 1959 - 11:57:28","-12.829595, 15.090614",clear,Unforeseeable accident
PC-3000447,a340-300,429,95,57,89,"Oct. 8, 1999 - 17:02:25","25.884068, -94.976308",foggy,Mechanical failure
PC-3000448,747-400,502,269,123,99,"Nov. 30, 1980 - 13:03:08","-23.446238, -68.822408",stormy,Unforeseeable accident
PC-3000449,777-200,375,135,95,100,"Feb. 3, 1952 - 20:42:12","-12.027514, 15.533449",rainy,Unforeseeable accident
PC-3000450,747-8i,510,202,107,150,"Feb. 1, 1953 - 19:57:53","21.249364, 39.964886",foggy,Mechanical failure
PC-3000451,747-400,456,12,0,13,"Sep. 20, 1951 - 11:23:59","29.395097, 87.716991",clear,Humnan negligence
PC-3000452,a319,139,55,28,39,"Jun. 5, 1962 - 23:19:50","22.32162, 50.947674",rainy,Unforeseeable accident
PC-3000453,a380-800,836,282,214,303,"Sep. 27, 1993 - 07:58:29","-23.276408, -69.601823",stormy,Humnan negligence
PC-3000454,767-300,200,73,39,73,"Jul. 23, 1972 - 08:52:29","25.546552, 44.892451",cloudy,Unforeseeable accident
PC-3000455,757-200,199,15,4,24,"Oct. 28, 1971 - 09:46:28","24.10138, 87.508264",rainy,Humnan negligence
PC-3000456,767-300,161,142,19,0,"Jun. 8, 1965 - 15:25:26","3.503774, 123.102788",stormy,Unforeseeable accident
PC-3000457,747-8i,605,201,161,169,"Apr. 18, 1956 - 11:12:28","24.645711, -112.682238",rainy,Mechanical failure
PC-3000458,a380-800,835,313,207,240,"Aug. 9, 1985 - 15:47:26","23.855362, 106.339195",stormy,Unforeseeable accident
PC-3000459,a340-600,384,40,7,40,"May 1, 1998 - 17:55:18","78.019898, -41.950197",foggy,Unforeseeable accident
PC-3000460,767-300,202,119,37,40,"Feb. 15, 1980 - 15:55:17","22.405706, 1.787247",foggy,Mechanical failure
PC-3000461,747-8i,509,167,124,148,"Apr. 25, 2016 - 06:02:44","-2.632829, -40.321111",cloudy,Unforeseeable accident
PC-3000462,777-300ER,465,290,91,101,"Mar. 3, 1962 - 22:14:43","-27.258181, -65.622086",foggy,Humnan negligence
PC-3000463,767-300,245,151,44,47,"Oct. 9, 1975 - 12:36:01","41.581913, -86.381479",rainy,Unforeseeable accident
PC-3000464,747-8i,511,50,11,48,"Dec. 23, 1967 - 14:40:52","1.18483, -36.745512",clear,Mechanical failure
PC-3000465,a319,143,11,3,19,"Jun. 16, 1989 - 18:42:35","-36.46858, 132.467398",stormy,Humnan negligence
PC-3000466,767-300,161,16,4,18,"Oct. 5, 1960 - 23:18:10","-35.42688, 132.971481",foggy,Unforeseeable accident
PC-3000467,a340-600,332,298,31,3,"Dec. 14, 2014 - 22:45:22","19.77118, -91.859809",rainy,Unforeseeable accident
PC-3000468,777-200,364,323,39,2,"Sep. 3, 1973 - 23:53:05","61.464067, 124.401263",cloudy,Humnan negligence
PC-3000469,737-700,69,5,1,5,"Feb. 7, 1998 - 08:19:43","55.095173, 58.444839",stormy,Humnan negligence
PC-3000470,a380-800,767,16,0,21,"Nov. 29, 1970 - 06:26:58","-20.685842, -57.058021",foggy,Unforeseeable accident
PC-3000471,a340-600,357,335,17,5,"Nov. 9, 1965 - 00:43:44","23.701594, -102.443661",foggy,Mechanical failure
PC-3000472,a380-800,801,23,0,19,"Apr. 5, 1975 - 02:30:41","-41.704237, -57.025735",clear,Unforeseeable accident
PC-3000473,757-200,95,33,24,35,"Jul. 1, 2007 - 11:22:49","30.239705, 81.334565",foggy,Unforeseeable accident
PC-3000474,767-300,176,165,10,1,"Aug. 26, 1998 - 11:52:40","69.708937, -24.2524",foggy,Mechanical failure
PC-3000475,a319,85,7,2,10,"Feb. 9, 1980 - 21:48:59","18.235375, 37.879667",foggy,Humnan negligence
PC-3000476,a319,67,2,0,1,"Aug. 22, 2015 - 12:02:07","-12.282173, 28.399125",foggy,Unforeseeable accident
PC-3000477,a319,66,22,16,21,"Oct. 27, 1973 - 23:15:38","-15.786328, 152.429963",foggy,Unforeseeable accident
PC-3000478,747-8i,573,117,75,148,"Aug. 6, 2010 - 09:15:55","1.619033, 99.377407",rainy,Humnan negligence
PC-3000479,777-200,435,10,0,12,"Jul. 6, 1972 - 05:07:19","23.042716, 108.556895",stormy,Unforeseeable accident
PC-3000480,777-300ER,454,9,0,11,"Sep. 18, 2015 - 03:16:27","-16.325001, 130.860572",rainy,Mechanical failure
PC-3000481,767-300,260,7,0,7,"Jan. 24, 1994 - 03:25:01","-26.309825, 151.403583",clear,Humnan negligence
PC-3000482,777-200,362,34,7,45,"Mar. 12, 2007 - 02:59:26","61.761695, -137.237406",foggy,Unforeseeable accident
PC-3000483,a340-600,366,36,8,32,"Mar. 19, 2018 - 10:09:12","68.447673, -29.279243",stormy,Mechanical failure
PC-3000484,757-200,195,177,15,3,"Sep. 22, 1952 - 06:15:41","-37.419628, 115.416184",cloudy,Mechanical failure
PC-3000485,737-700,72,44,15,12,"Sep. 19, 1970 - 17:34:39","27.796935, 43.006235",cloudy,Mechanical failure
PC-3000486,a319,87,86,0,1,"Jun. 20, 1969 - 10:24:46","-8.34342, 100.76763",cloudy,Humnan negligence
PC-3000487,747-400,514,12,0,14,"Nov. 20, 1960 - 08:01:49","53.69397, 84.607153",clear,Mechanical failure
PC-3000488,a340-300,418,45,10,51,"Nov. 12, 1975 - 05:10:48","44.833009, 69.201614",clear,Unforeseeable accident
PC-3000489,757-200,148,2,0,2,"May 16, 1991 - 02:03:24","30.302397, 77.985071",clear,Unforeseeable accident
PC-3000490,747-400,465,41,9,59,"Aug. 2, 2006 - 21:56:00","3.490077, 99.839867",stormy,Humnan negligence
PC-3000491,747-8i,594,453,134,7,"Mar. 8, 1985 - 01:46:24","38.603587, -79.685623",stormy,Mechanical failure
PC-3000492,MD-11,336,31,7,25,"Oct. 18, 1982 - 01:30:56","-31.84695, -68.223616",cloudy,Humnan negligence
PC-3000493,767-300,223,126,44,41,"Jul. 17, 2019 - 02:49:33","-9.04233, 20.472207",foggy,Humnan negligence
PC-3000494,777-300ER,507,126,40,88,"Dec. 14, 2011 - 08:55:12","61.816113, -99.831321",stormy,Humnan negligence
PC-3000495,747-400,509,99,58,125,"Sep. 24, 1962 - 21:43:27","18.603308, 43.491392",stormy,Humnan negligence
PC-3000496,a380-800,816,20,0,19,"Aug. 9, 1989 - 02:42:58","-28.668141, -59.86565",stormy,Mechanical failure
PC-3000497,747-400,424,8,0,9,"Nov. 8, 1975 - 14:44:08","28.666508, -102.025848",foggy,Humnan negligence
PC-3000498,a319,114,59,26,25,"May 4, 1960 - 07:01:46","76.613415, -51.204726",foggy,Unforeseeable accident
PC-3000499,777-300ER,510,10,0,10,"Aug. 23, 2008 - 01:34:05","63.484172, -94.06372",rainy,Unforeseeable accident
